{
  "mean": [
    3.0044820011337867,
    23.21053373840282,
    1013.0688882822077,
    55.33569904627171,
    -0.0019202682178527948,
    -0.06336281784644843,
    23.210052969104314,
    55.34793385062385,
    0.3752125850340136,
    0.18735827664399093,
    0.17750850340136054,
    0.28629889455782315,
    0.0005336082907681479,
    0.00015219016281491104
  ],
  "scale": [
    2.0013099188429013,
    3.439713258163745,
    1.3174606712416403,
    33.68196907448049,
    0.7218517058066966,
    10.959505447415495,
    3.365408323652092,
    31.725938219516472,
    0.4841777577154323,
    0.39019886316723745,
    0.3820984619459917,
    0.4520307926822172,
    0.7070178534426252,
    0.7071954800575222
  ],
  "feature_names": [
    "day_of_week",
    "temperature",
    "pressure",
    "aqi",
    "temp_change_rate",
    "aqi_change_rate",
    "temp_avg_15min",
    "aqi_avg_15min",
    "is_night",
    "is_morning",
    "is_cooking_hours",
    "is_weekend",
    "hour_sin",
    "hour_cos"
  ],
  "num_features": 14
}