{
  "mean": [
    2.9984941893424035,
    23.16369402746911,
    1013.0671982280952,
    53.903623685759044,
    -0.0005989599017029898,
    -0.010270618351526511,
    23.165368912156953,
    53.91925686486573,
    0.37501771541950113,
    0.16622378117913833,
    0.12459254535147392,
    0.28642290249433106,
    -0.0014445685748922564,
    1.094750326425299e-05
  ],
  "scale": [
    2.000526397589871,
    3.282953186385993,
    1.3122803479418343,
    25.119759945110797,
    0.6531299560240853,
    7.958690649079111,
    3.233140563755109,
    23.95162309799656,
    0.4841274920313859,
    0.3722813932361297,
    0.33025632922691917,
    0.45208939759824757,
    0.706717609081136,
    0.7074942643700716
  ],
  "feature_names": [
    "day_of_week",
    "temperature",
    "pressure",
    "aqi",
    "temp_change_rate",
    "aqi_change_rate",
    "temp_avg_15min",
    "aqi_avg_15min",
    "is_night",
    "is_morning",
    "is_cooking_hours",
    "is_weekend",
    "hour_sin",
    "hour_cos"
  ],
  "num_features": 14
}